City_ID,City,Country,Lat,Lng,Max Temp,Humidity,Cloudiness,Wind Speed,Current Description
0,Kota Kinabalu,MY,5.9749,116.0724,78.78,83,20,4.61,few clouds
1,Ust-Nera,RU,64.5667,143.2,-26.1,100,80,4.5,broken clouds
2,Talnakh,RU,69.4865,88.3972,-2.79,95,100,24.07,light snow
3,Lompoc,US,34.6391,-120.4579,73.54,43,0,13.8,clear sky
4,Vaini,TO,-21.2,-175.2,82.56,74,20,13.8,few clouds
5,Ilulissat,GL,69.2167,-51.1,19.42,79,75,5.75,light snow
6,Ushuaia,AR,-54.8,-68.3,51.46,46,40,13.8,scattered clouds
7,Avarua,CK,-21.2078,-159.775,77.05,83,75,14.97,broken clouds
8,Okha,RU,53.5739,142.9478,14.99,87,73,6.11,broken clouds
9,Jamestown,US,42.097,-79.2353,30.18,70,100,9.22,mist
10,Saskylakh,RU,71.9167,114.0833,-32.33,100,89,3.0,overcast clouds
11,Bluff,NZ,-46.6,168.3333,58.8,89,100,9.35,overcast clouds
12,Bonfim,BR,3.0833,-59.95,85.14,59,99,3.65,light rain
13,Rikitea,PF,-23.1203,-134.9692,72.37,84,100,4.9,light rain
14,Atuona,PF,-9.8,-139.0333,78.04,75,66,14.85,broken clouds
15,Tuatapere,NZ,-46.1333,167.6833,54.77,94,100,3.6,overcast clouds
16,Khatanga,RU,71.9667,102.5,-20.58,89,100,8.41,overcast clouds
17,Ostrovnoy,RU,68.0531,39.5131,37.58,79,100,14.83,overcast clouds
18,Henties Bay,NA,-22.116,14.2845,59.63,90,68,5.19,broken clouds
19,Nikolskoye,RU,59.7035,30.7861,28.29,88,9,5.46,clear sky
20,Tuktoyaktuk,CA,69.4541,-133.0374,24.8,74,75,11.5,broken clouds
21,College,US,64.8569,-147.8028,20.59,87,0,0.0,clear sky
22,Ewo,CG,-0.8725,14.8206,71.37,91,99,2.46,overcast clouds
23,Victoria,HK,22.2855,114.1577,75.33,88,0,5.99,clear sky
24,Puerto Ayora,EC,-0.7393,-90.3518,69.55,88,73,5.99,broken clouds
25,Santiago Del Estero,AR,-27.7951,-64.2615,91.26,23,18,10.67,few clouds
26,Cape Town,ZA,-33.9258,18.4232,60.91,73,0,9.22,clear sky
27,Albany,US,42.6001,-73.9662,35.46,60,35,1.99,scattered clouds
28,Tabory,RU,58.5198,64.5495,-3.89,92,5,4.56,clear sky
29,Kapaa,US,22.0752,-159.319,82.72,72,40,14.97,scattered clouds
30,Zyryanka,RU,65.75,150.85,-18.72,98,100,10.38,overcast clouds
31,Castro,BR,-24.7911,-50.0119,58.66,61,1,7.11,clear sky
32,Lagdo,CM,9.05,13.7333,74.97,31,39,1.45,scattered clouds
33,Faya,SA,18.3851,42.4509,57.31,73,1,1.03,clear sky
34,Nemuro,JP,43.3236,145.575,38.77,69,20,14.29,few clouds
35,Butaritari,KI,3.0707,172.7902,80.58,76,58,15.95,broken clouds
36,Olafsvik,IS,64.8945,-23.7142,44.85,84,60,18.14,broken clouds
37,Sitka,US,57.0531,-135.33,44.49,70,20,4.61,few clouds
38,Mataura,NZ,-46.1927,168.8643,58.48,75,100,2.48,overcast clouds
39,Richards Bay,ZA,-28.783,32.0377,71.76,95,100,2.42,overcast clouds
40,Dingle,PH,10.9995,122.6711,76.68,94,100,8.81,light rain
41,Sur,OM,22.5667,59.5289,74.41,70,4,7.72,clear sky
42,La Ronge,CA,55.1001,-105.2842,10.65,67,100,3.44,overcast clouds
43,Vila Franca Do Campo,PT,37.7167,-25.4333,59.2,74,13,6.31,few clouds
44,Lebu,CL,-37.6167,-73.65,59.49,87,100,9.55,light rain
45,Mikun,RU,62.3547,50.0771,8.08,97,63,3.78,broken clouds
46,Crowley,US,30.2141,-92.3746,50.09,64,58,7.76,broken clouds
47,Arlit,NE,18.7369,7.3853,70.5,16,2,8.68,clear sky
48,Byron Bay,AU,-28.65,153.6167,69.94,56,1,5.99,clear sky
49,Vao,NC,-22.6667,167.4833,75.78,77,99,12.19,overcast clouds
50,New Norfolk,AU,-42.7826,147.0587,61.92,56,9,1.99,clear sky
51,Tasiilaq,GL,65.6145,-37.6368,33.96,77,87,3.06,overcast clouds
52,Punta Arenas,CL,-53.15,-70.9167,53.71,43,20,27.63,few clouds
53,Pevek,RU,69.7008,170.3133,-7.29,100,98,3.53,overcast clouds
54,Walpole,US,42.1418,-71.2495,41.92,60,24,5.01,few clouds
55,Verkhnevilyuysk,RU,63.4453,120.3167,-2.54,94,99,5.95,overcast clouds
56,Kankakee,US,41.15,-87.8667,33.51,81,100,16.11,overcast clouds
57,Sioux Lookout,CA,50.1001,-91.917,19.47,79,75,10.36,broken clouds
58,Diego De Almagro,CL,-26.3667,-70.05,70.39,49,15,6.6,few clouds
59,Cidreira,BR,-30.1811,-50.2056,67.3,80,95,7.74,overcast clouds
60,Caravelas,BR,-17.7125,-39.2481,72.63,93,100,8.28,overcast clouds
61,Longyearbyen,SJ,78.2186,15.6401,24.64,80,75,5.75,light snow
62,Hilo,US,19.7297,-155.09,85.24,75,0,13.8,clear sky
63,Puerto Colombia,CO,10.9878,-74.9547,82.49,83,99,18.05,overcast clouds
64,Acarau,BR,-2.8856,-40.12,79.63,77,12,17.31,few clouds
65,Cap Malheureux,MU,-19.9842,57.6142,68.47,63,18,3.0,few clouds
66,Port Pirie,AU,-33.1833,138.0167,72.32,30,99,15.61,light rain
67,Port Alfred,ZA,-33.5906,26.891,63.18,94,100,6.6,overcast clouds
68,Arraial Do Cabo,BR,-22.9661,-42.0278,71.94,75,0,8.81,clear sky
69,Ribeira Grande,PT,38.5167,-28.7,58.77,69,16,7.0,few clouds
70,Nanortalik,GL,60.1432,-45.2371,22.19,78,86,9.26,overcast clouds
71,Anadyr,RU,64.75,177.4833,16.3,85,75,26.84,broken clouds
72,Yanji,CN,42.9075,129.5078,38.41,66,20,12.19,few clouds
73,Hithadhoo,MV,-0.6,73.0833,81.09,74,43,12.53,scattered clouds
74,Qaanaaq,GL,77.484,-69.3632,-17.19,75,2,7.7,clear sky
75,Torbay,CA,47.6666,-52.7314,45.57,85,75,29.93,broken clouds
76,Yellowknife,CA,62.456,-114.3525,16.32,73,75,9.22,broken clouds
77,Buala,SB,-8.145,159.5921,84.69,69,72,4.56,broken clouds
78,Bandarbeyla,SO,9.4942,50.8122,77.32,73,2,13.11,clear sky
79,Saint George,US,37.1041,-113.5841,55.94,26,0,3.0,clear sky
80,Quimper,FR,48.0,-4.1,50.56,93,20,9.22,few clouds
81,Bethel,US,41.3712,-73.414,41.54,59,20,11.5,few clouds
82,Karaton,ID,-6.3424,106.1045,74.53,93,100,4.27,overcast clouds
83,Tessalit,ML,20.1986,1.0114,69.96,17,22,9.69,few clouds
84,Hamilton,US,39.1834,-84.5333,31.08,72,100,9.22,overcast clouds
85,Naze,JP,28.3667,129.4833,68.92,84,50,6.4,scattered clouds
86,Maneadero,MX,31.7167,-116.5667,63.1,65,100,5.12,overcast clouds
87,Mandalgovi,MN,45.7625,106.2708,28.89,36,100,9.37,overcast clouds
88,Hobart,AU,-42.8794,147.3294,62.26,66,40,5.75,scattered clouds
89,Netivot,IL,31.4222,34.5886,63.45,66,3,5.57,clear sky
90,Kipushi,CD,-11.7667,27.2333,61.79,85,5,1.14,clear sky
91,Itaituba,BR,-4.2761,-55.9836,81.59,64,99,3.18,overcast clouds
92,Birnin Kebbi,NG,12.4539,4.1975,75.51,25,17,8.01,few clouds
93,Leningradskiy,RU,69.3833,178.4167,7.21,96,100,13.51,light snow
94,Quelimane,MZ,-17.8786,36.8883,72.7,82,0,2.66,clear sky
95,Semirom,IR,31.4167,51.5667,38.19,96,100,6.04,overcast clouds
96,Clearlake,US,38.9582,-122.6264,66.58,31,62,2.08,broken clouds
97,Zhigansk,RU,66.7697,123.3711,-9.56,98,100,10.49,overcast clouds
98,Busselton,AU,-33.65,115.3333,52.95,76,100,17.74,overcast clouds
99,Chokurdakh,RU,70.6333,147.9167,-11.0,96,99,5.95,overcast clouds
100,Albert Town,JM,18.2943,-77.5424,75.7,95,81,4.32,light rain
101,Lagoa,PT,39.05,-27.9833,60.58,56,9,9.46,clear sky
102,Corn Island,NI,12.1694,-83.0418,83.01,77,67,19.77,broken clouds
103,Kiama,AU,-34.6833,150.8667,67.37,58,4,11.43,clear sky
104,Faanui,PF,-16.4833,-151.75,79.36,73,62,4.09,light rain
105,Ponta Do Sol,PT,32.6667,-17.1,69.71,74,58,5.39,broken clouds
106,Hammerfest,NO,70.6634,23.6821,30.65,93,0,0.0,clear sky
107,Shubarshi,KZ,48.5872,57.1869,30.11,73,100,15.35,overcast clouds
108,Talaya,RU,61.3833,152.75,-12.98,98,100,4.18,light snow
109,Tiksi,RU,71.6872,128.8694,-5.06,97,100,6.58,overcast clouds
110,Barrow,US,71.2906,-156.7887,28.42,86,20,10.36,few clouds
111,Cairns,AU,-16.9167,145.7667,89.11,64,12,5.75,few clouds
112,Sol-Iletsk,RU,51.1631,54.9918,29.71,83,100,17.0,snow
113,Esperance,AU,-33.8667,121.9,57.7,70,66,14.36,broken clouds
114,Kavieng,PG,-2.5744,150.7967,83.97,66,100,11.21,overcast clouds
115,Saint-Philippe,RE,-21.3585,55.7679,69.39,73,30,5.7,scattered clouds
116,Provideniya,RU,64.3833,-173.3,33.91,93,100,15.99,fog
117,Vardo,NO,70.3705,31.1107,40.98,75,100,11.5,overcast clouds
118,Skibotn,NO,69.3913,20.2679,34.75,38,40,9.13,scattered clouds
119,Mayya,RU,61.7333,130.2811,-17.28,98,100,3.6,overcast clouds
120,Fortuna,US,40.5982,-124.1573,55.92,84,0,11.5,clear sky
121,Belousovka,KZ,50.1339,82.5239,16.65,79,75,4.47,light snow
122,Gornozavodsk,RU,58.3758,58.3211,2.21,97,6,1.45,clear sky
123,Dikson,RU,73.5069,80.5464,2.93,95,100,16.82,light snow
124,Yeniseysk,RU,58.4497,92.1703,-8.41,96,14,2.66,few clouds
125,Kahului,US,20.8947,-156.47,87.82,71,20,19.57,few clouds
126,Guerrero Negro,MX,27.9769,-114.0611,74.35,26,0,8.34,clear sky
127,Port Said,EG,31.2565,32.2841,66.18,82,0,3.44,clear sky
128,Bambous Virieux,MU,-20.3428,57.7575,68.22,88,20,6.91,few clouds
129,Yulara,AU,-25.2406,130.9889,77.05,61,2,16.89,clear sky
130,Chatra,IN,24.2167,84.8667,55.45,58,6,1.77,clear sky
131,Hirara,JP,24.8,125.2833,75.47,94,20,3.44,few clouds
132,Alta,NO,69.9689,23.2717,15.06,73,0,3.44,clear sky
133,Upernavik,GL,72.7868,-56.1549,10.63,74,100,5.93,overcast clouds
134,Cherskiy,RU,68.75,161.3,-17.54,100,100,7.34,overcast clouds
135,Veisiejai,LT,54.1,23.7,28.2,94,100,5.59,light snow
136,East London,ZA,-33.0153,27.9116,66.56,89,100,2.37,light rain
137,Vestmannaeyjar,IS,63.4427,-20.2734,46.45,83,74,17.83,light rain
138,Meadow Lake,US,34.8014,-106.5436,49.14,24,0,2.15,clear sky
139,Alexander City,US,32.944,-85.9539,41.49,42,0,4.61,clear sky
140,Batticaloa,LK,7.7102,81.6924,72.09,84,100,10.98,overcast clouds
141,Port Hawkesbury,CA,45.6169,-61.3485,38.88,80,100,18.41,overcast clouds
142,Mar Del Plata,AR,-38.0023,-57.5575,60.82,87,0,15.01,clear sky
143,Tamala,RU,52.541,43.2515,32.56,100,100,4.61,overcast clouds
144,Namtsy,RU,62.7161,129.6658,-12.15,97,100,5.84,overcast clouds
145,Flinders,AU,-34.5833,150.8552,67.17,57,3,3.0,clear sky
146,Gorom-Gorom,BF,14.4439,-0.2361,76.42,15,29,9.46,scattered clouds
147,Fare,PF,-16.7,-151.0167,79.38,73,35,3.89,light rain
148,Kodiak,US,57.79,-152.4072,42.31,93,100,10.36,mist
149,Arvika,SE,59.6553,12.5852,32.61,76,57,7.38,broken clouds
150,Kaa-Khem,RU,51.6833,94.7333,3.54,87,83,4.09,broken clouds
151,Estevan,CA,49.1334,-102.9842,5.34,78,0,17.27,clear sky
152,Carnarvon,AU,-24.8667,113.6333,64.9,61,99,18.59,overcast clouds
153,Portland,US,45.5234,-122.6762,49.6,53,0,26.46,clear sky
154,Chuhar Kana,PK,31.75,73.8,57.69,35,0,4.03,clear sky
155,Pingliang,CN,35.5392,106.6861,42.62,42,100,13.24,overcast clouds
156,Asfi,MA,32.2994,-9.2372,66.47,86,26,4.38,scattered clouds
157,Bitung,ID,1.4451,125.1824,81.45,76,97,2.33,overcast clouds
158,Severo-Kurilsk,RU,50.6789,156.125,34.66,68,100,14.58,overcast clouds
159,Saint-Pierre,RE,-21.3393,55.4781,69.48,60,0,9.22,clear sky
160,Kampot,KH,10.6167,104.1833,75.25,89,100,3.91,overcast clouds
161,Meulaboh,ID,4.1363,96.1285,74.48,89,100,3.76,overcast clouds
162,Maswa,TZ,-2.6833,33.9833,65.07,89,100,5.73,light rain
163,Baykit,RU,61.67,96.37,-26.1,100,54,2.15,broken clouds
164,Moerai,PF,-22.4333,-151.3333,72.3,71,62,9.33,broken clouds
165,Kaitangata,NZ,-46.2817,169.8464,57.2,78,100,4.85,overcast clouds
166,Namibe,AO,-15.1961,12.1522,69.26,82,28,3.98,scattered clouds
167,Rocha,UY,-34.4833,-54.3333,63.25,85,87,2.51,light rain
168,Port Elizabeth,ZA,-33.918,25.5701,63.1,94,75,3.44,broken clouds
169,China,MX,25.7,-99.2333,51.55,54,100,6.51,overcast clouds
170,Egvekinot,RU,66.3167,-179.1667,28.11,99,100,4.41,snow
171,Rio Grande,BR,-32.035,-52.0986,66.31,65,56,7.83,broken clouds
172,Qaqortoq,GL,60.7167,-46.0333,16.45,83,98,4.36,overcast clouds
173,Misterbianco,IT,37.5341,14.9538,60.48,86,0,8.05,clear sky
174,Menongue,AO,-14.6585,17.691,65.23,73,32,4.79,scattered clouds
175,Isangel,VU,-19.55,169.2667,86.11,84,75,5.75,broken clouds
176,Hermanus,ZA,-34.4187,19.2345,56.8,63,100,5.39,overcast clouds
177,Makakilo City,US,21.3469,-158.0858,83.44,62,0,12.66,clear sky
178,Watsa,CD,3.0372,29.5355,64.62,97,82,2.1,broken clouds
179,Te Horo,NZ,-40.8084,175.1233,70.81,72,33,3.0,scattered clouds
180,Camacha,PT,33.0833,-16.3333,65.62,77,40,8.05,scattered clouds
181,Lososina,RU,48.9975,140.3106,24.82,68,61,2.62,broken clouds
182,Bredasdorp,ZA,-34.5322,20.0403,59.59,63,100,1.28,overcast clouds
183,Steamboat Springs,US,40.485,-106.8317,29.93,58,100,6.91,overcast clouds
184,Pandan,PH,14.0453,124.1694,79.38,89,100,10.65,overcast clouds
185,Teguldet,RU,57.3064,88.1667,-5.85,97,24,1.16,few clouds
186,Namatanai,PG,-3.6667,152.4333,83.64,64,97,7.25,overcast clouds
187,Ruteng,ID,-8.6136,120.4721,67.82,84,89,0.81,overcast clouds
188,Ugoofaaru,MV,5.6667,73.0,81.21,75,96,9.19,overcast clouds
189,Ketchikan,US,55.3422,-131.6461,45.07,57,0,0.0,clear sky
190,Pemba,MZ,-12.974,40.5178,78.04,78,61,10.87,broken clouds
191,Moratuwa,LK,6.773,79.8816,69.82,81,100,11.39,overcast clouds
192,Kindu,CD,-2.95,25.95,68.76,99,100,1.41,light rain
193,Ilhabela,BR,-23.7781,-45.3581,71.19,75,54,4.99,broken clouds
194,Ghanzi,BW,-21.5667,21.7833,78.39,25,0,7.81,clear sky
195,Terney,RU,45.0503,136.6092,32.63,67,99,2.75,overcast clouds
196,Zhezkazgan,KZ,47.8043,67.7144,22.44,84,100,8.75,overcast clouds
197,Sinnamary,GF,5.3833,-52.95,79.32,82,37,10.69,scattered clouds
198,Cayenne,GF,4.9333,-52.3333,80.64,78,20,4.61,few clouds
199,Gigmoto,PH,13.7796,124.39,79.88,89,100,9.51,overcast clouds
200,Hay River,CA,60.8156,-115.7999,21.16,68,40,10.36,scattered clouds
201,Katherine,AU,-14.4667,132.2667,80.92,69,38,1.14,scattered clouds
202,Ancud,CL,-41.8697,-73.8203,55.24,96,100,4.21,light rain
203,Te Anau,NZ,-45.4167,167.7167,55.62,91,100,1.7,overcast clouds
204,Pudozh,RU,61.8099,36.5345,19.33,80,25,4.07,scattered clouds
205,Kamaishi,JP,39.2667,141.8833,44.13,52,0,3.18,clear sky
206,Hasaki,JP,35.7333,140.8333,54.21,59,96,12.55,overcast clouds
207,Yar-Sale,RU,66.8333,70.8333,17.04,84,96,23.24,overcast clouds
208,Umm Lajj,SA,25.0213,37.2685,73.17,60,100,8.99,overcast clouds
209,San Cristobal,VE,7.7669,-72.225,73.58,95,67,2.64,broken clouds
210,Guhagar,IN,17.4842,73.1929,69.85,47,1,6.53,clear sky
211,Havoysund,NO,70.9963,24.6622,39.43,81,58,8.01,broken clouds
212,Awjilah,LY,29.1081,21.2869,65.79,29,0,12.46,clear sky
213,Oussouye,SN,12.485,-16.5469,80.69,77,96,5.14,overcast clouds
214,Cabo San Lucas,MX,22.8909,-109.9124,81.61,63,20,10.36,few clouds
215,Chuy,UY,-33.6971,-53.4616,66.42,65,93,5.19,overcast clouds
216,Mexico,PH,15.0646,120.7198,80.31,84,99,4.5,moderate rain
217,Broome,US,42.2506,-75.833,33.53,76,100,10.36,overcast clouds
218,Grakhovo,RU,56.0502,51.9676,21.47,88,100,15.48,overcast clouds
219,Empalme,MX,27.9667,-110.8167,84.92,36,0,9.22,clear sky
220,Edd,ER,13.9297,41.6925,82.27,40,0,17.11,clear sky
221,Lethem,GY,3.3803,-59.7968,83.12,64,89,4.83,overcast clouds
222,Halifax,CA,44.6453,-63.5724,37.89,63,75,21.85,broken clouds
223,Katsuura,JP,35.1333,140.3,50.02,66,100,10.74,overcast clouds
224,Gurupa,BR,-1.405,-51.64,82.22,55,67,3.8,broken clouds
225,Georgetown,MY,5.4112,100.3354,82.24,93,20,2.3,few clouds
226,Paamiut,GL,61.994,-49.6678,16.86,68,100,6.46,overcast clouds
227,Guanambi,BR,-14.2233,-42.7814,72.9,78,92,3.98,overcast clouds
228,Srednekolymsk,RU,67.45,153.6833,-21.53,95,89,11.56,overcast clouds
229,Leninsk,RU,48.7119,45.1994,48.04,93,99,11.12,overcast clouds
230,Honiara,SB,-9.4333,159.95,83.64,78,86,4.32,overcast clouds
231,Nelidovo,RU,56.2211,32.7774,22.66,77,86,9.53,overcast clouds
232,Pacific Grove,US,36.6177,-121.9166,66.65,69,0,5.75,clear sky
233,Canyon,US,34.9803,-101.9188,50.85,37,0,9.37,clear sky
234,Rapid City,US,44.0805,-103.231,15.1,75,100,27.63,overcast clouds
235,Asau,RO,46.4333,26.4,33.28,91,83,3.62,broken clouds
236,Heerhugowaard,NL,52.6714,4.8486,48.99,67,99,5.01,overcast clouds
237,Yuryev-Polskiy,RU,56.5,39.6833,21.36,93,100,15.39,light snow
238,Xiamen,CN,24.4798,118.0819,72.25,88,40,4.47,mist
239,Cafelandia,BR,-21.8025,-49.61,78.71,29,0,15.37,clear sky
240,Samarai,PG,-10.6167,150.6667,84.85,73,94,11.88,overcast clouds
241,Ulladulla,AU,-35.35,150.4667,61.52,52,19,7.94,few clouds
242,San Rafael Del Sur,NI,11.8485,-86.4384,85.17,75,7,11.12,clear sky
243,Denpasar,ID,-8.65,115.2167,78.46,94,75,1.14,heavy intensity rain
244,Doha,QA,25.2867,51.5333,78.78,78,0,2.3,clear sky
245,Aksu,CN,41.1231,80.2644,34.9,39,72,3.09,broken clouds
246,Popondetta,PG,-8.7537,148.2534,88.84,57,100,1.83,overcast clouds
247,Alofi,NU,-19.0595,-169.9187,80.49,74,20,8.05,few clouds
248,Polje,BA,43.8806,18.0744,42.04,93,59,5.5,broken clouds
249,Santa Fe,AR,-31.6333,-60.7,88.0,46,0,3.0,light rain
250,Gazli,UZ,40.1333,63.45,48.7,48,98,12.17,overcast clouds
251,Suez,EG,29.9737,32.5263,63.95,61,1,4.76,clear sky
252,Kozan,TR,37.4552,35.8157,58.57,83,97,2.53,overcast clouds
253,Lagos,NG,6.5833,3.75,80.92,84,69,3.98,broken clouds
254,Eyl,SO,7.9803,49.8164,75.56,75,2,10.4,clear sky
255,Carira,BR,-10.3608,-37.7011,73.08,77,26,12.71,scattered clouds
256,Karratha,AU,-20.7377,116.8463,68.72,53,0,17.38,clear sky
257,Porto Novo,BJ,6.4965,2.6036,82.22,82,49,5.64,scattered clouds
258,Sao Joao Da Barra,BR,-21.6403,-41.0511,73.49,78,33,15.99,scattered clouds
259,Central Point,US,42.376,-122.9164,56.17,46,0,3.44,clear sky
260,Maryborough,AU,-25.5333,152.7,76.53,36,0,3.09,clear sky
261,Zhanakorgan,KZ,43.9098,67.2495,36.99,53,100,6.26,overcast clouds
262,Mahebourg,MU,-20.4081,57.7,68.25,88,20,6.91,few clouds
263,Buraydah,SA,26.326,43.975,66.65,53,100,13.0,overcast clouds
264,Dolores,AR,-36.3132,-57.6792,62.01,89,95,10.07,overcast clouds
265,Digha,IN,21.6833,87.55,65.62,59,1,9.95,clear sky
266,Pisco,PE,-13.7,-76.2167,66.25,77,0,18.41,clear sky
267,Komsomolskiy,UZ,40.4272,71.7189,39.92,81,100,4.61,overcast clouds
268,Owando,CG,-0.4819,15.8999,70.61,91,89,2.13,overcast clouds
269,Luang Prabang,LA,19.8856,102.1347,67.78,99,30,1.14,scattered clouds
270,Lardos,GR,36.0942,28.0157,66.02,72,74,12.53,broken clouds
271,Iqaluit,CA,63.7506,-68.5145,8.33,78,100,10.36,light snow
272,Berezovka,BY,53.7214,25.4993,27.48,92,100,5.46,overcast clouds
273,Robertsport,LR,6.7533,-11.3686,79.66,80,76,3.53,broken clouds
274,Filipeni,RO,46.5333,27.1833,34.61,87,99,4.12,overcast clouds
275,Kangaatsiaq,GL,68.3065,-53.4641,21.99,82,100,4.88,overcast clouds
276,Coihaique,CL,-45.5752,-72.0662,57.81,82,75,5.75,light intensity shower rain
277,Igarka,RU,67.4667,86.5833,5.59,95,100,21.97,snow
278,Opuwo,NA,-18.0607,13.84,70.38,52,34,4.74,scattered clouds
279,Stony Plain,CA,53.5334,-114.0021,15.55,74,98,1.99,overcast clouds
280,Coquimbo,CL,-29.9533,-71.3436,60.53,82,20,11.5,few clouds
281,Sumbe,AO,-11.2061,13.8437,74.98,85,76,4.65,light rain
282,Taltal,CL,-25.4,-70.4833,64.76,85,51,5.79,broken clouds
283,Jonkoping,SE,57.7814,14.1562,38.39,100,75,10.36,broken clouds
284,Bull Savanna,JM,17.8868,-77.5902,77.59,82,74,5.19,broken clouds
285,Clyde River,CA,70.4692,-68.5914,-3.77,84,100,10.36,overcast clouds
286,Crossville,US,35.949,-85.0269,33.94,59,0,3.44,clear sky
287,Bengkulu,ID,-3.8004,102.2655,75.24,86,96,6.08,overcast clouds
288,Praia Da Vitoria,PT,38.7333,-27.0667,57.45,94,20,9.44,few clouds
289,Kansanshi,ZM,-12.0951,26.4273,60.42,91,8,1.1,clear sky
290,Kibre Mengist,ET,5.8833,38.9833,53.28,82,8,3.04,clear sky
291,Adrar,MR,20.5022,-10.0711,70.92,15,0,8.68,clear sky
292,Trairi,BR,-3.2778,-39.2689,79.3,77,8,12.12,clear sky
293,North Bend,US,43.4065,-124.2243,54.25,79,20,4.61,few clouds
294,Tsuruoka,JP,38.7217,139.8217,37.44,93,75,8.05,broken clouds
295,Sumkino,RU,58.1108,68.3244,-11.09,99,14,3.94,few clouds
296,Sembabule,UG,-0.0772,31.4567,63.95,93,100,3.02,light rain
297,Alice Springs,AU,-23.7,133.8833,74.75,60,100,12.66,overcast clouds
298,Port Blair,IN,11.6667,92.75,78.44,85,100,6.15,overcast clouds
299,Porto Santo,PT,33.072,-16.3415,68.38,77,40,8.05,scattered clouds
300,Mongo,TD,12.1844,18.693,75.36,25,4,6.4,clear sky
301,Kochubey,RU,44.3861,46.5825,47.01,93,32,8.66,scattered clouds
302,Grindavik,IS,63.8424,-22.4338,45.07,81,20,10.36,few clouds
303,Hwange,ZW,-18.3693,26.5019,76.64,34,0,4.12,clear sky
304,Bubaque,GW,11.2833,-15.8333,83.17,75,100,11.01,overcast clouds
305,Lotofaga,WS,-13.9764,-171.8578,85.78,75,92,6.4,light rain
306,Samarskoye,RU,46.9336,39.6814,52.84,68,100,25.84,light rain
307,Thio,NC,-21.6167,166.2167,84.16,66,100,2.77,overcast clouds
308,Yaan,NG,7.3833,8.5667,78.75,48,74,5.75,broken clouds
309,Baruun-Urt,MN,46.6806,113.2792,27.61,47,100,5.06,overcast clouds
310,Preston,GB,53.7667,-2.7167,51.33,94,100,10.78,overcast clouds
311,Gari,RU,59.4307,62.3497,3.06,87,5,8.14,clear sky
312,Brae,GB,60.3964,-1.353,44.78,67,100,34.27,overcast clouds
313,Teguise,ES,29.0605,-13.564,64.62,83,20,3.44,few clouds
314,Boquira,BR,-12.8231,-42.7306,68.13,98,100,2.77,overcast clouds
315,Kisangani,CD,0.5167,25.2,68.52,99,87,0.49,overcast clouds
316,Mildura,AU,-34.2,142.15,70.07,53,7,11.39,clear sky
317,Norman Wells,CA,65.282,-126.8329,-0.36,85,40,3.44,scattered clouds
318,Sibolga,ID,1.7427,98.7792,74.35,88,100,2.82,heavy intensity rain
319,Kondoa,TZ,-4.9,35.7833,64.83,82,100,4.47,moderate rain
320,Abu Samrah,SY,35.3029,37.1841,56.88,83,11,7.43,few clouds
321,Sibu,MY,2.3,111.8167,75.51,100,40,3.44,light rain
322,Pitimbu,BR,-7.4706,-34.8086,77.59,82,15,10.94,few clouds
323,Hovd,MN,48.0056,91.6419,18.73,37,90,5.61,overcast clouds
324,Lavrentiya,RU,65.5833,-171.0,34.84,98,100,23.87,light snow
325,Beloha,MG,-25.1667,45.05,68.31,86,0,3.15,clear sky
326,Gamba,GA,-2.65,10.0,73.92,91,99,3.65,overcast clouds
327,Abu Dhabi,AE,24.4667,54.3667,77.02,81,0,1.14,clear sky
328,Varel,DE,53.3969,8.1362,41.09,92,100,17.9,overcast clouds
329,Skjervoy,NO,70.0311,20.9714,30.2,43,57,7.92,broken clouds
330,Penzance,GB,50.1186,-5.5371,55.76,77,13,28.5,few clouds
331,Bud,US,39.447,-86.1758,33.85,73,57,9.19,broken clouds
332,Guanica,PR,17.9716,-66.908,81.05,77,9,7.43,clear sky
333,Tautira,PF,-17.7333,-149.15,76.77,83,64,8.43,broken clouds
334,Huescar,ES,37.811,-2.5412,59.13,84,100,14.81,overcast clouds
335,Nekhayevskiy,RU,50.4106,41.7561,38.44,98,100,1.05,light rain
336,Olga,RU,43.7444,135.2892,35.35,76,98,3.24,overcast clouds
337,Tromso,NO,69.6496,18.957,32.38,93,0,2.3,clear sky
338,Pilibhit,IN,28.6333,79.8,57.97,73,0,2.66,clear sky
339,Rio Bueno,CL,-40.3167,-72.9667,64.54,68,100,4.72,overcast clouds
340,Graaff-Reinet,ZA,-32.2522,24.5308,58.93,80,100,1.95,overcast clouds
341,Wellington,NZ,-41.2866,174.7756,67.91,82,40,13.8,scattered clouds
342,Bagdarin,RU,54.4333,113.6,17.31,83,100,1.3,overcast clouds
343,Tripoli,LY,32.8752,13.1875,69.12,53,4,8.1,clear sky
344,Tamazunchale,MX,21.2667,-98.7833,57.07,87,100,0.49,overcast clouds
345,Turayf,SA,31.6725,38.6637,50.25,87,0,0.0,clear sky
346,Vila Velha,BR,-20.3297,-40.2925,73.35,80,0,13.8,clear sky
347,Saldanha,ZA,-33.0117,17.9442,55.45,70,100,17.07,overcast clouds
348,Bara,NG,10.3744,10.7288,73.94,32,72,8.23,broken clouds
349,Mindelo,CV,16.8901,-24.9804,76.55,78,20,19.57,few clouds
350,San Patricio,US,28.017,-97.5169,55.83,55,100,6.98,overcast clouds
351,Airai,TL,-8.9266,125.4092,68.23,70,78,0.51,broken clouds
352,Vysokogornyy,RU,50.1167,139.15,14.18,93,98,1.36,overcast clouds
353,Avera,US,33.194,-82.5271,44.11,39,38,5.91,scattered clouds
354,Aklavik,CA,68.2191,-135.0107,8.6,85,40,4.61,scattered clouds
355,Petropavlovsk-Kamchatskiy,RU,53.0452,158.6483,14.59,62,0,6.71,clear sky
356,Lata,PT,40.1629,-8.3327,58.82,95,90,3.18,overcast clouds
357,Illela,NG,13.7292,5.2975,75.24,21,17,9.37,few clouds
358,Krasnopavlivka,UA,49.1372,36.3272,29.84,98,100,14.29,snow
359,Port Augusta,AU,-32.5,137.7667,70.81,32,100,14.94,light rain
360,Takoradi,GH,4.8845,-1.7554,78.31,83,78,7.92,broken clouds
361,Sterling,US,39.0062,-77.4286,38.53,57,100,10.36,overcast clouds
362,Aykhal,RU,66.0,111.5,-25.78,100,82,3.98,broken clouds
363,Kichera,RU,55.9375,110.0997,21.56,95,100,0.45,snow
364,Thompson,CA,55.7435,-97.8558,3.36,78,75,10.36,broken clouds
365,Vitim,RU,59.4511,112.5578,14.31,98,100,3.42,overcast clouds
366,Axim,GH,4.8699,-2.2405,78.06,84,72,7.74,broken clouds
367,Fukue,JP,32.6881,128.8419,61.16,67,0,9.22,clear sky
368,Aubenas,FR,44.6201,4.3899,52.45,86,100,2.8,overcast clouds
369,Salgar,CO,5.965,-75.9654,66.2,98,100,3.36,overcast clouds
370,Marsh Harbour,BS,26.5412,-77.0636,76.17,78,66,19.26,broken clouds
371,Bhanpuri,IN,21.1,80.9167,61.63,61,18,5.61,few clouds
372,Beidao,CN,34.5686,105.8933,49.15,68,100,6.82,overcast clouds
373,Palu,ID,-0.8917,119.8707,77.16,91,100,2.15,overcast clouds
374,Banda Aceh,ID,5.5577,95.3222,78.37,77,100,10.18,overcast clouds
375,Taoudenni,ML,22.6783,-3.9836,74.88,14,0,8.43,clear sky
376,Kununurra,AU,-15.7667,128.7333,84.18,74,3,3.44,clear sky
377,Hambantota,LK,6.1241,81.1185,77.13,80,98,0.83,overcast clouds
378,Chicama,PE,-7.8447,-79.1469,61.34,77,68,7.94,broken clouds
379,San Juan,AR,-31.5375,-68.5364,87.57,29,0,10.02,clear sky
380,Bayji,IQ,34.9311,43.487,58.96,71,0,2.86,clear sky
381,Los Llanos De Aridane,ES,28.6585,-17.9182,65.95,66,0,5.99,clear sky
382,Anloga,GH,5.7947,0.8973,81.09,75,32,7.56,scattered clouds
383,Bloomfield,US,40.8068,-74.1854,42.66,54,100,12.66,overcast clouds
384,Salta,AR,-24.7859,-65.4117,82.99,30,40,9.22,scattered clouds
385,Kavaratti,IN,10.5669,72.642,81.73,71,7,8.5,clear sky
386,Danilov,RU,58.1908,40.1717,18.28,78,30,10.83,scattered clouds
387,Souillac,MU,-20.5167,57.5167,61.18,88,20,6.91,few clouds
388,Comodoro Rivadavia,AR,-45.8667,-67.5,76.86,27,0,18.41,clear sky
389,Ucluelet,CA,48.9329,-125.5528,55.71,40,0,1.01,clear sky
390,San Jeronimo,PE,-11.9472,-75.2829,55.44,69,98,2.08,overcast clouds
391,Loandjili,CG,-4.7561,11.8578,75.47,86,100,2.73,overcast clouds
392,Cockburn Town,TC,21.4612,-71.1419,81.68,76,9,17.45,clear sky
393,Horsham,GB,51.064,-0.3272,48.43,84,0,11.5,clear sky
394,Shagonar,RU,51.5333,92.8,9.9,92,98,2.19,overcast clouds
395,Okhotsk,RU,59.3833,143.3,-4.09,78,0,11.74,clear sky
396,Fria,GN,10.4167,-13.5833,77.22,62,100,0.89,overcast clouds
397,Silopi,TR,37.2497,42.4694,45.77,81,5,1.74,clear sky
398,Harper,LR,4.375,-7.7169,78.12,83,8,7.14,light rain
399,Tocopilla,CL,-22.092,-70.1979,65.95,72,26,4.74,scattered clouds
400,Panaba,MX,21.2833,-88.2667,76.33,80,80,14.7,broken clouds
401,Bluefield,US,37.2698,-81.2223,28.4,76,0,3.44,clear sky
402,Dawei,MM,14.0833,98.2,73.89,92,98,3.49,overcast clouds
403,Colon,PA,9.3592,-79.9014,77.45,90,100,4.0,overcast clouds
404,Tomatlan,MX,19.9333,-105.25,82.96,56,0,4.16,clear sky
405,San Policarpo,PH,12.1791,125.5072,80.64,84,100,12.82,moderate rain
406,Neepawa,CA,50.2289,-99.4664,12.6,80,100,13.53,overcast clouds
407,Hofn,IS,64.2539,-15.2082,45.81,95,98,10.89,overcast clouds
408,Lorengau,PG,-2.0226,147.2712,84.36,67,100,7.2,overcast clouds
409,Chapais,CA,49.7834,-74.8492,19.18,92,100,8.43,overcast clouds
410,Kihei,US,20.785,-156.4656,87.82,76,20,19.57,few clouds
411,Sola,VU,-13.8833,167.55,82.26,71,14,10.94,few clouds
412,Buchanan,LR,5.8808,-10.0467,77.83,86,81,3.4,broken clouds
413,Rudozem,BG,41.4833,24.85,49.14,89,98,4.23,overcast clouds
414,Klyuchi,RU,52.2667,79.1667,16.65,65,82,6.89,broken clouds
415,Quimperle,FR,47.8667,-3.55,53.98,81,6,10.36,clear sky
416,Kamenka,RU,51.3223,42.7678,35.04,100,100,4.0,overcast clouds
417,Sosnovka,RU,56.255,51.2842,22.82,85,100,12.21,overcast clouds
418,Beringovskiy,RU,63.05,179.3167,23.04,90,98,3.44,overcast clouds
419,Uvalde,US,29.3669,-99.767,56.12,30,75,5.75,broken clouds
420,Thyolo,MW,-16.0678,35.1405,64.26,68,0,2.19,clear sky
421,Kosonsoy,UZ,41.2561,71.5508,30.76,39,99,2.46,overcast clouds
422,Wundanyi,KE,-3.4019,38.364,62.06,85,98,2.06,light rain
423,Poum,NC,-20.2333,164.0167,78.21,72,83,10.2,broken clouds
424,Assiniboia,CA,49.6334,-105.9845,4.82,85,91,13.8,overcast clouds
425,Puerto Escondido,MX,15.85,-97.0667,85.03,58,0,3.44,clear sky
426,Tukrah,LY,32.5341,20.5791,66.6,78,0,11.39,clear sky
427,Hayvoron,UA,48.3396,29.8679,31.33,96,94,5.08,light snow
428,Ukiah,US,39.1502,-123.2078,69.44,37,0,1.99,clear sky
429,Stromness,GB,58.965,-3.296,46.36,86,100,18.99,overcast clouds
430,Japura,ID,-0.3167,102.35,75.81,85,100,2.75,overcast clouds
431,Laguna,US,38.421,-121.4238,68.09,39,0,3.44,clear sky
432,Summerville,US,33.0185,-80.1757,46.35,81,0,4.61,clear sky
433,Kopong,BW,-24.4833,25.8833,71.83,73,40,4.61,thunderstorm
434,Walvis Bay,NA,-22.9575,14.5053,63.55,77,59,2.3,broken clouds
435,Thohoyandou,ZA,-22.9456,30.485,73.45,52,38,1.25,scattered clouds
436,Nouadhibou,MR,20.931,-17.0347,76.98,33,0,18.41,clear sky
437,Mount Gambier,AU,-37.8333,140.7667,65.88,50,3,8.5,clear sky
438,Vikulovo,RU,56.8167,70.6107,-14.31,99,39,3.96,scattered clouds
439,Hobyo,SO,5.3505,48.5268,80.35,75,53,12.19,broken clouds
440,Matamoros,MX,25.5333,-103.25,60.91,45,0,5.75,haze
441,Northam,GB,51.0333,-4.2167,51.62,80,29,19.24,scattered clouds
442,Imeni Poliny Osipenko,RU,52.4201,136.4853,17.96,94,99,2.75,overcast clouds
443,Monteprandone,IT,42.9201,13.8426,57.76,80,47,3.58,scattered clouds
444,Afonso Claudio,BR,-20.0742,-41.1239,63.88,88,96,5.59,overcast clouds
445,Kimbe,PG,-5.5502,150.1429,87.03,66,91,3.67,overcast clouds
446,Aguimes,ES,27.9054,-15.4461,65.66,83,20,11.5,few clouds
447,Odweyne,SO,9.4092,45.064,68.02,32,1,0.78,clear sky
448,Tutoia,BR,-2.7619,-42.2744,79.9,79,65,9.8,broken clouds
449,Kushmurun,KZ,52.4503,64.6311,10.02,96,88,3.87,overcast clouds
450,Payson,US,40.0444,-111.7321,41.92,46,0,3.44,clear sky
451,Margate,GB,51.3813,1.3862,46.87,83,100,5.01,overcast clouds
452,Sault Sainte Marie,CA,46.5168,-84.3333,26.89,63,20,3.44,few clouds
453,Bundaberg,AU,-24.85,152.35,78.22,50,0,1.99,clear sky
454,Pavlohrad,UA,48.5167,35.8667,34.38,91,100,14.45,light snow
455,Sfantu Gheorghe,RO,45.8667,25.7833,41.27,92,83,4.43,broken clouds
456,San Quintin,MX,30.4833,-115.95,66.72,32,97,8.39,overcast clouds
457,Tiznit,MA,29.5833,-9.5,59.31,75,48,1.61,scattered clouds
458,La Primavera,CO,5.4906,-70.4092,76.66,88,96,2.73,overcast clouds
459,Padang,ID,-0.9492,100.3543,73.45,86,100,3.6,overcast clouds
460,Aripuana,BR,-9.1667,-60.6333,73.99,89,99,1.43,overcast clouds
461,Palmer,US,42.1584,-72.3287,39.61,57,40,12.66,scattered clouds
462,Raver,IN,21.25,76.0333,62.22,53,0,6.26,clear sky
463,Batemans Bay,AU,-35.7167,150.1833,61.11,48,51,5.61,broken clouds
464,Likasi,CD,-10.9814,26.7333,61.81,92,28,2.08,scattered clouds
465,Ahipara,NZ,-35.1667,173.1667,67.82,69,61,13.76,broken clouds
466,Martapura,ID,-3.4167,114.85,75.29,100,40,3.44,moderate rain
467,Horodnytsya,UA,50.807,27.3168,22.44,94,34,2.1,scattered clouds
468,Swan Hill,AU,-35.3378,143.5544,64.92,48,1,5.93,clear sky
469,Bekhtery,UA,46.251,32.2927,43.65,83,99,14.27,overcast clouds
470,Santa Isabel Do Rio Negro,BR,-0.4139,-65.0192,72.73,99,100,3.06,light rain
471,Yinchuan,CN,38.4681,106.2731,44.29,28,87,6.62,overcast clouds
472,Port Lincoln,AU,-34.7333,135.8667,66.85,50,100,16.73,light rain
473,Tawang,IN,27.5833,91.8667,33.21,70,37,6.24,scattered clouds
474,Opunake,NZ,-39.4556,173.8583,66.85,90,95,0.76,overcast clouds
475,Wadi Musa,JO,30.3222,35.4793,50.67,52,0,3.47,clear sky
476,Kastamonu,TR,41.5,33.6667,48.65,66,94,4.72,overcast clouds
477,Alpena,US,45.0617,-83.4327,31.17,96,100,4.61,mist
478,Santa Vitoria Do Palmar,BR,-33.5189,-53.3681,67.51,62,81,5.44,broken clouds
479,Acari,PE,-15.4311,-74.6158,71.28,69,100,2.66,overcast clouds
480,Saint Anthony,US,45.0205,-93.218,26.49,82,100,16.11,overcast clouds
481,Sawakin,SD,19.1059,37.3321,82.49,70,3,7.52,clear sky
482,Ampanihy,MG,-24.7,44.75,67.51,86,0,4.12,clear sky
483,San Matias,BO,-16.3667,-58.4,80.53,20,3,4.92,clear sky
484,Salalah,OM,17.0151,54.0924,74.89,76,17,2.39,few clouds
485,Ouesso,CG,1.6136,16.0517,69.6,99,98,2.42,overcast clouds
486,Maningrida,AU,-12.0667,134.2667,89.17,53,97,2.3,overcast clouds
487,Port Macquarie,AU,-31.4333,152.9167,69.89,55,4,12.3,clear sky
488,Kurtamysh,RU,54.9103,64.4319,4.71,92,21,3.71,few clouds
489,Zharkent,KZ,44.1628,80.0,28.98,47,42,2.71,scattered clouds
490,Yeppoon,AU,-23.1333,150.7333,78.58,52,45,12.28,scattered clouds
491,Plotnikovo,RU,55.0247,85.9436,12.54,93,100,5.53,light snow
492,Grand Gaube,MU,-20.0064,57.6608,68.38,64,19,3.0,few clouds
493,Dongsheng,CN,39.8161,109.9776,37.22,94,100,14.29,overcast clouds
494,Annau,TM,37.8876,58.516,53.1,54,40,6.91,scattered clouds
495,Dire Dawa,ET,9.5931,41.8661,66.56,53,7,1.54,clear sky
496,Wewak,PG,-3.5534,143.6268,84.15,72,100,2.24,overcast clouds
497,Brokopondo,SR,4.75,-55.1667,79.65,80,80,9.84,broken clouds
498,Havre-Saint-Pierre,CA,50.2334,-63.5986,26.6,86,100,6.91,overcast clouds
499,Evensk,RU,61.95,159.2333,8.33,92,100,10.47,overcast clouds
500,Ewa Beach,US,21.3156,-158.0072,84.85,62,0,12.66,clear sky
501,Atar,MR,20.5169,-13.0499,74.93,16,0,8.32,clear sky
502,Qiongshan,CN,20.0058,110.3542,75.18,94,20,6.71,few clouds
503,Marawi,PH,7.9986,124.2928,74.52,80,98,2.1,heavy intensity rain
504,Biak,ID,-0.9131,122.8766,78.89,81,98,4.09,overcast clouds
505,Luwuk,ID,-0.9516,122.7875,80.02,80,99,0.74,overcast clouds
506,Kande,TG,9.9578,1.0447,73.9,32,45,2.86,scattered clouds
507,Emirdag,TR,39.0197,31.15,51.21,66,100,8.19,overcast clouds
508,Touros,BR,-5.1989,-35.4608,78.57,73,31,14.29,scattered clouds
509,Yumen,CN,40.2833,97.2,29.73,41,46,13.62,scattered clouds
510,Juneau,US,58.3019,-134.4197,37.22,100,40,0.0,scattered clouds
511,Conceicao Do Araguaia,BR,-8.2578,-49.2647,74.66,89,99,2.66,overcast clouds
512,Malibu,US,34.005,-118.8101,78.3,36,58,5.99,broken clouds
513,Leh,IN,34.1667,77.5833,13.17,58,2,2.95,clear sky
514,Grimshaw,CA,56.1834,-117.6027,15.42,67,20,10.36,few clouds
515,Jingdezhen,CN,29.2947,117.2079,61.61,88,84,3.02,broken clouds
516,Jiaojiang,CN,28.6803,121.4428,64.99,83,22,5.5,few clouds
517,Huarmey,PE,-10.0681,-78.1522,66.56,80,89,10.13,overcast clouds
518,Sept-Iles,CA,50.2001,-66.3821,26.6,82,75,8.05,broken clouds
519,Arman,RU,59.7,150.1667,-5.62,84,72,8.7,broken clouds
520,Daru,PG,-9.0763,143.2092,84.27,75,100,4.18,overcast clouds
521,Aloleng,PH,16.1307,119.7824,81.37,75,95,10.4,overcast clouds
522,Tongling,CN,30.95,117.7833,57.96,90,64,4.7,broken clouds
523,Morondava,MG,-20.2833,44.2833,77.43,61,0,5.08,clear sky
524,Atambua,ID,-9.1061,124.8925,83.14,65,82,0.89,broken clouds
525,Najran,SA,17.4924,44.1277,61.45,34,1,1.16,clear sky
526,Agde,FR,43.3108,3.4758,55.26,94,0,11.5,clear sky
527,Codrington,AU,-38.2667,141.9667,61.41,64,5,11.01,clear sky
528,Songjianghe,CN,42.1859,127.479,33.26,82,25,3.67,scattered clouds
529,Oranjestad,AW,12.524,-70.027,80.55,90,40,14.97,scattered clouds
530,Newport,GB,51.5877,-2.9984,50.83,81,100,18.95,overcast clouds
531,Sulangan,PH,11.1373,123.7228,81.57,80,100,20.15,moderate rain
532,Riyadh,SA,24.6877,46.7219,68.14,25,22,10.27,few clouds
533,Labuhan,ID,-6.8844,112.2051,78.3,78,100,11.18,overcast clouds
534,Cooma,AU,-36.2333,149.1333,59.63,43,6,2.77,clear sky
535,Saint-Joseph,RE,-21.3667,55.6167,68.38,71,13,4.36,few clouds
536,Taksimo,RU,56.3444,114.8794,6.4,95,95,0.67,overcast clouds
537,Scicli,IT,36.7902,14.7014,62.15,86,9,15.32,clear sky
538,Nema,RU,57.5067,50.5011,18.5,81,67,11.1,broken clouds
539,Mount Isa,AU,-20.7333,139.5,83.97,23,20,10.36,few clouds
540,Sao Filipe,CV,14.8961,-24.4956,78.93,73,100,2.42,overcast clouds
541,Jiwani,PK,25.05,61.7417,77.63,74,4,11.01,clear sky
542,Izhma,RU,65.0083,53.9113,17.78,92,100,11.34,light snow
543,Little Current,CA,45.9793,-81.9248,26.42,59,100,3.4,overcast clouds
544,Ariquemes,BR,-9.9133,-63.0408,76.15,87,90,2.01,overcast clouds
545,Klaksvik,FO,62.2266,-6.589,47.32,81,100,34.81,light rain
546,Bar Harbor,US,44.3876,-68.2039,38.01,59,0,8.99,clear sky
547,Camapua,BR,-19.5314,-54.0439,75.52,36,0,6.02,clear sky
548,Alta Floresta,BR,-9.8756,-56.0861,72.91,92,94,2.51,overcast clouds
549,Kingman,US,35.1894,-114.053,59.13,19,0,6.91,clear sky
550,Iquique,CL,-20.2208,-70.1431,66.24,72,57,1.77,broken clouds
551,Ixtapa,MX,20.7,-105.2,78.22,73,0,9.22,clear sky
552,Lienz,AT,46.8289,12.769,47.19,95,99,2.1,overcast clouds
553,Krasnogorsk,RU,55.8225,37.3181,21.54,86,100,13.42,light snow
554,Miri,MY,4.4148,114.0089,75.34,100,40,8.05,scattered clouds
555,Bazarnyye Mataki,RU,54.8833,49.9333,27.36,95,100,18.03,light snow
556,Guder,ET,8.9667,37.7667,53.76,57,40,3.44,scattered clouds
557,Vostok,RU,46.4856,135.8833,24.19,92,100,2.95,snow
558,Kieta,PG,-6.2167,155.6333,84.52,69,98,4.23,overcast clouds
559,Tungi,BD,23.89,90.4058,75.2,78,0,0.0,haze
560,Saratovskaya,RU,44.7103,39.2244,56.79,63,100,23.13,light rain
561,Matara,LK,5.9485,80.5353,74.71,90,76,2.89,broken clouds
562,Mayo,US,38.8876,-76.5119,41.14,60,0,13.8,clear sky
563,Charagua,BO,-19.8,-63.2167,77.25,31,16,2.75,few clouds
564,Garowe,SO,8.4054,48.4845,69.69,72,0,7.4,clear sky
565,Malanje,AO,-9.5402,16.341,61.41,88,51,3.36,broken clouds
566,Yazman,PK,29.1212,71.7446,65.82,34,0,5.97,clear sky
567,Bushehr,IR,28.9684,50.8385,75.29,60,100,9.22,overcast clouds
568,Pimentel,PE,-6.8367,-79.9342,66.49,72,0,23.02,clear sky
569,Aksarayskiy,RU,46.7924,48.0119,41.65,91,52,7.43,broken clouds
570,Dakar,SN,14.6937,-17.4441,79.68,89,0,2.3,clear sky
571,Santa Elena,EC,-2.2333,-80.85,71.15,83,75,8.05,broken clouds
572,Junin,AR,-34.5838,-60.9433,78.89,46,81,15.14,broken clouds
573,Mizdah,LY,31.4451,12.9801,58.17,55,5,7.74,clear sky
574,Asosa,ET,10.0667,34.5333,63.75,52,26,4.56,scattered clouds
575,Qeshm,IR,26.9581,56.2719,73.27,69,100,3.11,overcast clouds
576,Seymchan,RU,62.8833,152.4333,-30.05,96,71,1.7,broken clouds
577,Straumen,NO,63.8709,11.2999,19.4,42,49,4.76,scattered clouds
578,Nishihara,JP,26.1842,127.7558,76.28,97,75,8.05,broken clouds
579,Phonhong,LA,18.5007,102.4166,72.45,91,21,1.39,few clouds
580,Zaranj,AF,30.9667,61.8833,63.0,21,86,7.29,overcast clouds
581,Port Hueneme,US,34.1478,-119.1951,78.66,34,0,16.11,clear sky
582,Kruisfontein,ZA,-34.0033,24.7314,60.89,78,100,2.17,overcast clouds
583,Roseland,US,38.4221,-122.728,68.04,39,40,6.91,scattered clouds
584,Fairbanks,US,64.8378,-147.7164,21.6,87,0,0.0,clear sky
585,Canete,CL,-37.8,-73.4,56.21,96,98,3.36,overcast clouds
586,Mogadishu,SO,2.0371,45.3438,78.71,83,3,10.78,light rain
587,Conway,US,35.0887,-92.4421,46.38,58,0,2.51,clear sky
588,Aasiaat,GL,68.7098,-52.8699,18.7,92,100,4.23,overcast clouds
589,Chamonix-Mont-Blanc,FR,45.9238,6.8693,42.42,99,100,6.26,light rain
590,Bilma,NE,18.6853,12.9164,68.02,21,21,7.02,few clouds
591,Yunyang,CN,33.4474,112.7142,54.59,81,99,6.04,overcast clouds
592,Khanna,IN,30.7044,76.2231,56.8,59,0,4.54,clear sky
593,Tura,IN,25.5198,90.2201,60.17,89,0,4.61,clear sky
594,West Bay,KY,19.3667,-81.4167,82.47,85,20,12.66,few clouds
595,Wellingborough,GB,52.3027,-0.6945,48.27,93,100,19.42,overcast clouds
596,Amahai,ID,-3.3333,128.9167,83.93,71,99,0.58,overcast clouds
597,Roura,GF,4.7263,-52.3274,78.71,83,0,3.44,clear sky
598,Glenwood Springs,US,39.5505,-107.3248,40.01,62,0,9.22,clear sky
599,Kenai,US,60.5544,-151.2583,35.15,65,0,9.22,clear sky
600,Kutum,SD,14.2,24.6667,60.69,31,1,6.67,clear sky
601,Cabedelo,BR,-6.9811,-34.8339,77.67,81,15,10.58,few clouds
602,Belaya Gora,RU,68.5333,146.4167,-15.14,96,100,4.03,overcast clouds
603,Wenling,CN,28.3669,121.36,64.15,83,25,7.99,scattered clouds
604,Plettenberg Bay,ZA,-34.0527,23.3716,57.07,82,100,2.89,overcast clouds
605,Brainerd,US,46.358,-94.2008,22.78,92,100,11.56,overcast clouds
606,Palana,RU,59.1167,159.9667,19.99,89,99,17.49,light snow
607,Rio Gallegos,AR,-51.6226,-69.2181,64.45,24,20,12.66,few clouds
608,Nguruka,TZ,-5.1092,31.0419,65.23,95,100,2.19,overcast clouds
609,Myrtle Grove,US,30.421,-87.3075,50.9,61,75,4.61,broken clouds
610,Hualmay,PE,-11.0964,-77.6139,65.32,81,65,9.37,broken clouds
611,Manadhoo,MV,5.7667,73.3833,81.19,75,92,7.7,overcast clouds
612,Vanimo,PG,-2.6741,141.3028,83.03,74,100,3.49,overcast clouds
613,East Wenatchee Bench,US,47.4257,-120.2812,42.3,60,0,5.99,clear sky
614,Sorland,NO,67.667,12.6934,44.46,55,59,8.03,broken clouds
615,Yuryuzan,RU,54.8633,58.4219,11.82,93,86,3.78,overcast clouds
616,Coihueco,CL,-36.6167,-71.8333,70.54,56,0,11.5,clear sky
617,Springfield,US,37.2153,-93.2982,42.98,60,100,8.05,overcast clouds
618,East Massapequa,US,40.6734,-73.4365,42.98,52,20,11.5,few clouds
619,Syracuse,IT,37.0881,15.2792,62.19,73,2,15.12,clear sky
620,Zihuatanejo,MX,17.6333,-101.55,87.89,58,40,4.61,scattered clouds
621,Peniche,PT,39.3558,-9.3811,61.11,87,83,16.15,broken clouds
622,Saint-Augustin,CA,51.226,-58.6502,29.17,96,100,18.97,snow
623,Jinchang,CN,38.4953,102.1739,34.36,35,97,7.96,overcast clouds
624,Voi,KE,-3.3945,38.563,72.09,84,98,2.21,light rain
625,La Rioja,ES,42.25,-2.5,42.58,77,41,2.3,scattered clouds
626,Whitehorse,CA,60.7161,-135.0538,16.11,85,75,4.61,mist
627,Naryan-Mar,RU,67.6713,53.087,29.64,90,98,17.27,light snow
628,Orsk,RU,51.2049,58.5668,23.9,86,0,13.42,clear sky
629,Carauari,BR,-4.8828,-66.8958,72.81,99,100,2.28,overcast clouds
630,Kungsbacka,SE,57.4872,12.0761,38.75,78,60,10.0,broken clouds
631,Tagusao,PH,9.1924,117.8141,81.91,73,77,4.38,broken clouds
632,Kosmynino,RU,57.5818,40.7643,18.88,83,97,14.9,overcast clouds
633,Mineros,BO,-17.1167,-63.2333,84.11,33,6,4.32,clear sky
634,Fuerte Olimpo,PY,-21.0415,-57.8738,75.25,53,10,5.64,clear sky
635,Raudeberg,NO,61.9875,5.1352,47.07,42,0,7.07,clear sky
636,Nangomba,TZ,-10.9,38.5,72.36,83,82,4.47,light rain
637,Berlevag,NO,70.8578,29.0864,39.15,81,100,2.3,overcast clouds
638,Masterton,NZ,-40.9597,175.6575,69.42,71,74,4.9,broken clouds
639,Sao Felix Do Xingu,BR,-6.6447,-51.995,75.67,79,89,2.26,overcast clouds
640,Lodeynoye Pole,RU,60.726,33.5531,21.15,88,29,5.91,scattered clouds
641,Whitianga,NZ,-36.8333,175.7,65.52,80,88,10.25,overcast clouds
642,Mamallapuram,IN,12.6264,80.1722,73.45,77,100,11.86,overcast clouds
643,Maxixe,MZ,-23.8597,35.3472,72.97,75,11,6.22,few clouds
644,Fort Nelson,CA,58.8053,-122.7002,21.94,59,20,2.3,few clouds
645,Pljevlja,ME,43.3333,19.3333,43.14,92,5,4.99,clear sky
646,Xining,CN,36.6167,101.7667,31.64,92,94,1.88,overcast clouds
647,Piacabucu,BR,-10.4056,-36.4344,76.98,81,8,10.71,clear sky
648,Urumqi,CN,43.801,87.6005,22.15,93,20,4.47,few clouds
649,Vestmanna,FO,62.1564,-7.1664,45.52,81,75,27.63,broken clouds
650,Madang,PG,-5.2246,145.7966,79.9,88,100,1.12,overcast clouds
651,Kumburgaz,TR,41.0211,28.4772,62.51,74,71,22.19,broken clouds
652,Inhambane,MZ,-23.865,35.3833,73.98,73,9,7.16,clear sky
653,Atlantic City,US,39.3643,-74.4229,40.98,55,20,12.66,few clouds
654,Parksville,CA,49.3163,-124.3195,51.1,99,1,6.91,clear sky
655,Nabire,ID,-3.3667,135.4833,76.35,95,100,1.61,overcast clouds
656,Vaxjo,SE,56.8777,14.8091,35.65,93,75,6.91,broken clouds
657,Kalengwa,ZM,-13.4659,25.0027,62.6,90,10,2.73,clear sky
658,Podgorenskiy,RU,50.405,39.6429,29.59,98,100,10.33,light snow
659,Ulagan,RU,50.6321,87.9563,8.82,97,100,1.9,overcast clouds
660,Jalu,LY,29.0331,21.5482,65.08,29,0,12.37,clear sky
661,Garmsar,IR,35.2182,52.3409,54.66,67,65,7.65,broken clouds
662,Balangkayan,PH,11.4714,125.5106,79.93,87,99,10.67,moderate rain
663,Ous,RU,60.9058,61.5186,-4.83,89,9,4.61,clear sky
664,Parabel,RU,58.6978,81.4825,-15.02,99,32,4.97,scattered clouds
665,Dillon,US,34.4166,-79.3712,45.25,42,2,6.13,clear sky
666,Muroto,JP,33.2833,134.15,61.99,60,13,11.03,few clouds
667,Qobustan,AZ,40.0824,49.412,53.38,84,5,3.33,clear sky
668,Kapit,MY,2.0167,112.9333,74.23,99,100,1.41,heavy intensity rain
669,Spornoye,RU,50.8448,37.2913,24.93,96,100,11.68,light snow
670,Elista,RU,46.3078,44.2558,45.12,81,86,8.95,overcast clouds
671,Beyneu,KZ,45.3167,55.2,40.48,69,96,13.96,overcast clouds
672,Scarborough,GB,54.2797,-0.4044,50.16,95,100,4.0,moderate rain
673,Mykhaylivka,UA,47.2724,35.2224,41.07,87,100,15.03,overcast clouds
674,Cassilandia,BR,-19.1133,-51.7342,77.4,30,0,3.62,clear sky
675,Poykovskiy,RU,61.2333,73.3333,-3.71,70,0,13.42,clear sky
676,Los Angeles,US,34.0522,-118.2437,79.66,26,0,11.5,clear sky
677,Lalibela,ET,12.0333,39.0333,53.24,49,2,4.21,clear sky
678,Rosarito,MX,32.3333,-117.0333,74.41,37,100,4.79,overcast clouds
679,Laukaa,RU,58.7372,29.8453,24.42,88,87,7.07,overcast clouds
680,Lawrenceburg,US,38.0373,-84.8966,32.56,75,40,4.61,scattered clouds
681,Lodja,CD,-3.4833,23.4333,67.77,100,94,2.57,overcast clouds
682,Gallup,US,35.5281,-108.7426,48.96,23,0,4.61,clear sky
683,Dwarka,IN,22.2394,68.9678,77.76,58,0,8.32,clear sky
684,Beaverlodge,CA,55.2166,-119.4361,7.95,92,38,3.62,scattered clouds
685,Magadan,RU,59.5667,150.8,0.19,85,77,10.25,broken clouds
686,Behbahan,IR,30.5959,50.2417,63.93,83,100,4.72,overcast clouds
687,Batagay,RU,67.6333,134.6333,-27.9,91,84,3.31,broken clouds
688,Uruzgan,AF,32.8333,66.0,45.41,21,98,5.08,overcast clouds
689,Kodinar,IN,20.7903,70.7031,72.93,39,1,10.69,clear sky
690,Goderich,CA,43.7501,-81.7165,36.91,69,100,23.02,light rain
691,Visnes,NO,59.3556,5.2242,42.22,45,0,12.66,clear sky
692,Besancon,FR,47.2488,6.0182,48.2,92,95,11.72,overcast clouds
693,Dumbraveni,RO,46.2333,24.5667,44.31,86,90,3.83,overcast clouds
694,Emba,KZ,48.8264,58.1442,28.49,72,100,15.41,overcast clouds
695,Poli,TZ,-3.3333,36.8,57.72,90,84,3.69,broken clouds
696,Butembo,CD,0.15,29.2833,57.34,99,100,1.63,overcast clouds
697,Filadelfia,US,39.9523,-75.1638,40.01,57,40,11.5,scattered clouds
698,Bakel,SN,14.905,-12.4568,80.26,18,44,9.57,scattered clouds
699,Kosino,RU,58.4127,51.2782,14.43,85,7,8.23,clear sky
700,Kirakira,SB,-10.4544,161.9205,81.23,81,99,7.78,light rain
701,Oyama,JP,36.3,139.8,53.58,46,24,3.36,few clouds
702,Sterlibashevo,RU,53.4376,55.2578,25.47,96,100,16.13,light snow
703,Vila Do Maio,CV,15.1333,-23.2167,77.79,76,65,8.19,broken clouds
704,South Sioux City,US,42.4739,-96.4136,24.75,62,75,25.32,broken clouds
705,Port Hardy,CA,50.6996,-127.4199,50.18,53,0,13.8,clear sky
706,Kasamwa,TZ,-2.85,32.4333,66.06,92,100,1.88,light rain
707,Torbat-E Jam,IR,35.244,60.6225,55.58,35,100,3.62,overcast clouds
708,Port Hedland,AU,-20.3167,118.5667,75.25,46,0,16.11,clear sky
709,Wajima,JP,37.4,136.9,50.68,93,20,2.3,few clouds
710,Satun,TH,6.8333,100.0,77.0,94,98,2.33,overcast clouds
711,Cambuci,BR,-21.5753,-41.9111,66.47,87,44,0.69,scattered clouds
712,Suslovo,RU,56.2167,88.1167,12.47,91,100,3.42,overcast clouds
713,Hami,CN,42.8,93.45,34.5,69,78,7.58,broken clouds
714,Paignton,GB,50.4357,-3.5679,49.71,94,41,11.01,scattered clouds
715,Pangai,TO,-19.8,-174.35,80.71,69,40,4.61,scattered clouds
716,Sungairaya,ID,0.7,108.9,77.76,87,100,3.36,overcast clouds
717,Kriel,ZA,-26.2739,29.2253,65.77,40,15,4.12,few clouds
718,Dong Xoai,VN,11.5333,106.9167,74.97,94,100,2.73,overcast clouds
